product_id,name,price,original_price,discount,brand,category,availability,description,,,,,,,,,,
25804,Juhayna Full Cream Milk - 1Kg,44.99  LE,52.75 LE,14.7%,Juhayna,Juhayna,in stock,Juhayna Full Cream Milk - 1Kg,,,,,,,,,,
11760,Crystal Glass Cleaner Spray700+Refil S.O,66.95  LE,79.95 LE,16.3%,Crystal,Crystal,in stock,Crystal Glass Cleaner Spray700+Refil S.O,,,,,,,,,,
20039,Camay Soap Bar - 165g*4Pc,94.95  LE,104.95 LE,9.5%,Camay,Camay,in stock,Camay Soap Bar - 165g*4Pc,,,,,,,,,,
20090,Lux Soap Bar Creamy Perfection - 165*4Pc,99.95  LE,114.95 LE,13%,Lux,Lux,in stock,Lux Soap Bar Creamy Perfection - 165*4Pc,,,,,,,,,,
43172,Lifebuoy Soap Bar 75g*4Pc,54.95  LE,62.95 LE,12.7%,LIFEBUOY,LIFEBUOY,in stock,Lifebuoy Soap Bar 75g*4Pc,,,,,,,,,,
30097,Fairy Adw Plat-Plus Yellow - 20ct,239.95  LE,289.95 LE,17.2%,Fairy,Fairy,in stock,Fairy Adw Plat-Plus Yellow - 20ct,,,,,,,,,,
23,Imported Banana - 1Kg,109.99  LE,124.99 LE,12%,weighted /Pcs.,weighted /Pcs.,in stock,"Imported Banana is one of the world&#039;s most appealing fruits. A wide variety of health benefits are associated with bananas, as they are a rich source of potassium and pectin. Bananas are also a good source of magnesium, vitamin C and vitamin B6. It also is high in tryptophan that can help you sleep better and regulate mood.",,,,,,,,,,
147,Orange Balady Network- 2Kg,34.99  LE,54.99 LE,36.4%,weighted /Pcs.,weighted /Pcs.,in stock,Orange Balady Network- 2Kg,,,,,,,,,,
673,Iceberg Lettuce 1Pc,19.99  LE,24.99 LE,20%,Prepacked,Prepacked,in stock,Iceberg Lettuce 1Pc,,,,,,,,,,
1876,SeaStar Smoked Herring Fish Fillets-250g,124.99  LE,154.99 LE,19.4%,sea star,sea star,in stock,"Enjoy cooking a variety of fish delicacies with the Sea Star Smoked Herring Fish Fillets. The smoked herring is a fillet made with premium-quality and freshly caught herring fish that is then cured with hot or cold smoke. With an Omega 3 and protein-rich herring fish, the fillets have a high nutritional value. This ready-to-use pieces can be used to prepare various delicious recipes. Also, it can be simply fried and served to your family and guests.",,,,,,,,,,
2058,Sea Star Mackerel Fillets - 250g,159.99  LE,199.99 LE,20%,Seastar,Seastar,in stock,"Enjoy cooking a variety of fish delicacies with the Sea Star Mackerel Fillets. The fillets are made with premium-quality and freshly caught mackerel fish. With an Omega 3 and protein-rich mackerel fish, the fillets have a high nutritional value. This ready-to-use fillets pieces can be used to prepare various delicious recipes. Also, the fillets can be simply fried and served to your family and guests.",,,,,,,,,,
2060,SeaStar Smo.Herring Fish Fillets - 500g,219.99  LE,274.99 LE,20%,sea star,sea star,in stock,"Enjoy cooking a variety of fish delicacies with the Sea Star Smoked Herring Fish Fillets. The smoked herring is a fillet made with premium-quality and freshly caught herring fish that is then cured with hot or cold smoke. With an Omega 3 and protein-rich herring fish, the fillets have a high nutritional value. This ready-to-use pieces can be used to prepare various delicious recipes. Also, it can be simply fried and served to your family and guests.",,,,,,,,,,
2061,SeaStar Smoked Herring Fish Fillets 380g,157.99  LE,194.99 LE,19%,sea star,sea star,in stock,"Enjoy cooking a variety of fish delicacies with the Sea Star Smoked Herring Fish Fillets. The smoked herring is a fillet made with premium-quality and freshly caught herring fish that is then cured with hot or cold smoke. With an Omega 3 and protein-rich herring fish, the fillets have a high nutritional value. This ready-to-use pieces can be used to prepare various delicious recipes. Also, it can be simply fried and served to your family and guests.",,,,,,,,,,
2111,Labanita Natural Yougurt -105g 6Pc,39.99  LE,50.99 LE,21.6%,Labanita,Labanita,in stock,Labanita Natural Yougurt -105g 6Pc,,,,,,,,,,
2831,Kiri Creamy Labneh- 1Kg,140  LE,244.75 LE,42.8%,Dinar,Dinar,in stock,"Intensify the flavors of every meal by adding to it the Labneh Kiri Dinar Cheese. The cheese boasts of exquisite flavor that is sure to offer your a lip-smacking dining experience. It is rich in nutrients and minerals that helps revitalize your body and keeps you fit. This cheese tastes excellent when paired with pizzas, pastas or crackers. ",,,,,,,,,,
2832,Kiri Creamy Labneh Edam - 1Kg,140  LE,244.75 LE,42.8%,Dinar,Dinar,in stock,"Let your palate wander into a world of exotic flavor with the Labneh Kiri Dinar with Edam. This cheese offers well-balanced notes of smoke and tartness for a luxurious snacking experience. It is loaded with vitamins and minerals to keep you fit and strong. You can pair this cheese with crackers, pizzas or pastas to enjoy an excellent dining experience. ",,,,,,,,,,
2833,Kiri Creamy Labneh Romy - 1Kg,140  LE,244.75 LE,42.8%,Dinar,Dinar,in stock,Experience the hearty combination of taste and nutrition with the Labneh Kiri Dinar with Rummy. It has a tart and tangy taste to take your palate onto a flavorful journey. The cheese features a nutrient-rich composition to offer optimal nourishment. You can consume it with various foods like crackers and breads. ,,,,,,,,,,
2834,Kirr Creamy Labneh Danish - 1Kg,140  LE,244.75 LE,42.8%,Dinar,Dinar,in stock,Enjoy a delicious dining experience with the Labneh Kiri Dinar with Danish. It features an exotic flavor that is sure to satiate your palate. You can consume it with various foods like bread or crackers. The cheese offers you enhanced nutrition thanks to the vitamin based composition.,,,,,,,,,,
2835,Kiri Creamy Labneh Chili- 1Kg,140  LE,244.75 LE,42.8%,Dinar,Dinar,in stock,Kiri Creamy Labneh Chili- 1Kg,,,,,,,,,,
2836,Kiri Natural Cheese With Pastrami - 1Kg,140  LE,244.75 LE,42.8%,labaneh,labaneh,in stock,The Kiri Dinar with Basterma is a delicious snack to treat your family to. It has a exotic and smoky taste that is sure to have you wanting more. The snack is rich in proteins to aid in muscle building. You can consume this snack as a sandwich filling or even as a topping.,,,,,,,,,,
2895,Feta Cheese - 1Kg,120  LE,223.75 LE,46.4%,fessita,fessita,in stock,Feta Cheese - 1Kg,,,,,,,,,,
2914,Old Romy Cheese - 1Kg,300  LE,335.99 LE,10.7%,old rumy,old rumy,in stock,Old Romy Cheese - 1Kg,,,,,,,,,,
2916,Baramily Cheese - 1Kg,170  LE,199.5 LE,14.8%,baramily,baramily,in stock,"Enjoy the irresistible buttery flavor and creamy texture of the Baramily Cheese. It is enriched with the milk proteins that add a healthy punch to your meal. This creamy cheese you can use for preparing a wide range of delicacies like pizzas, pasta, sandwiches and more.",,,,,,,,,,
2930,Istanbolly Cheese - 1Kg,170  LE,199.5 LE,14.8%,Istanbul,Istanbul,in stock,"The Istanbul Cheese is a flavorsome indulgence for you and your family to enjoy. It has a classic taste and is great to consume by itself or with various foods like crackers and toast. The cheese works as a great topping to add more taste to pizzas or burgers. Featuring various essential nutrients, it is helps boost your family&#039;s nourishment. ",,,,,,,,,,
2934,Cottage Cheese - 1Kg,120  LE,162.75 LE,26.3%,cottage,cottage,in stock,"The Cottage Cheese makes an excellent addition to a variety of food preparation. It is filled with the goodness of milk protein that makes it an ideal ingredient to your healthy diet. You can add this cheese to the preparation of pizzas, salads, sandwiches and more.",,,,,,,,,,
2938,Alexandria Baramily CheeseWith Pepper1Kg,170  LE,199.5 LE,14.8%,Alex,Alex,in stock,"The Alex Baramily Cheese with Pepper gives a savory twist to the creamy and soft cheese. It features an excellent mix of rich ingredients and spices that offers a great taste. You can add a hint of zesty flavor to a variety of dishes like pizza, sandwiches, burgers, pasta and more.",,,,,,,,,,
2955,Halwani Plain Halawa - 1Kg,144.99  LE,179.99 LE,19.4%,Halwani,Halwani,in stock,"Add a blend of sweet and salty delight to your palette with the Halwani Plain Halawa. Primarily made from clarified butter, flour and sugar, it has a unique flavor and a tender texture that tantalizes your tongue. It is a traditional Middle Eastern delicacy. It comprises various nutrients that make it ideal for maintaining your overall health and wellbeing. ",,,,,,,,,,
2995,Sea Star Smoked Herring Fillet - 1kg,219.99  LE,269.99 LE,18.5%,sea star,sea star,in stock,"For all those enthusiastic about seafood, the Seastar Smoked Herring makes for an incredibly delicious treat. Its smoked flavor adds a dash of bitterness and sharpness to the delicacy. The seafood item contains a high nutritive value that helps to boost your metabolism and immune system. It makes for an excellent component of portion-control dietary regimes. ",,,,,,,,,,
3120,Seastar Whole Feseikh - 1kg,589.99  LE,724.99 LE,18.6%,Seastar,Seastar,in stock,"Indulge in the deliciousness of the Seastar Whole Feseikh that is both savory and healthy. Made using superior quality ingredients, this unit delivers you with the best flavors. This feseikh is made using traditional methods, that will give you the most authentic taste. This Seastar feseikh can be consumed in many ways, making it the most versatile food.",,,,,,,,,,
3211,Katilo Baramily Alexandrian Cheese 1Kg,150  LE,224.99 LE,33.3%,Katilo,Katilo,in stock,"The Katilo Baramily Cheese levels up the taste of your homemade pasta by bestowing a savory, creamy flavor to it. It is rich in essential proteins required for keeping the body healthy. Additionally, the cheese is packed with calcium and other essential nutrients for providing nutritional supplements. Wholesome in taste and nutrients, this cheese variety is ideal for consumption at any time of the day.",,,,,,,,,,
3212,Katilo Istanbolly Storage Cheese - 1Kg,150  LE,224.99 LE,33.3%,Katilo,Katilo,in stock,"Improve your homemade pasta preparation by adding the Katilo Istambolli Cheese to it. It is rich in essential proteins required for keeping the body healthy. Additionally, the cheese is packed with calcium and other essential nutrients for providing nutritional supplements. Wholesome in taste and nutrients, this cheese variety is ideal for consumption at any time of the day.",,,,,,,,,,
3214,Katilo Romy Cheese - 1Kg,450  LE,549.99 LE,18.2%,old rumy,old rumy,in stock,"The Katilo Roomy Cheese enhances your homemade curry by bestowing a savory, creamy flavor to it. It is rich in essential proteins required for keeping the body healthy. Additionally, the cheese is packed with calcium and other essential nutrients for providing nutritional supplements. Wholesome in taste and nutrients, this cheese variety is ideal for consumption at any time of the day.",,,,,,,,,,
3248,Super Bolty Fish - 1Kg,99.99  LE,109.99 LE,9.1%,Whole/Processed/Fill,Whole/Processed/Fill,in stock,"The Super Bolty Fish presents a delightful accompaniment to the otherwise mundane meals. It contains high protein content that helps maintain a healthy body constitution. Additionally, a generous amount of vitamins and minerals makes this fish a wholesome food source. The texture is succulent with a flavorsome taste, enticing your taste buds.",,,,,,,,,,
3261,Qarous Fish - 1Kg,599.99  LE,629.99 LE,4.8%,Whole/Processed/Fill,Whole/Processed/Fill,in stock,"With Qarous Fish, let your guests lick their fingers as you prepare appetizing delectable. It is perfect for making the tastiest and most mouth-watering dishes that will satisfy all your needs for seafood. It also has a high nutritional value which encourages good health and wellbeing. It will also bring you closer to a healthier life without losing your taste.",,,,,,,,,,
3265,Loot Fish - 1Kg,249.99  LE,289.99 LE,13.8%,Whole/Processed/Fill,Whole/Processed/Fill,in stock,Loot Fish - 1Kg,,,,,,,,,,
3271,Clams Gandofly - 1Kg,109.99  LE,129.99 LE,15.4%,Whole/Processed,Whole/Processed,in stock,"Prepare the mouth-watering delectable with Clams Gandofly. These clams are considered to be a really versatile ingredient. You can either serve them steamed or prepare different recipes that are delicious, tasty and appetizing. More than all, these are coequally rich in taste and nutrients.",,,,,,,,,,
3502,California Garden Plain Medammes 400g,19.99  LE,26.99 LE,25.9%,California Garden,California Garden,in stock,Kick-start your day by eating the healthiest and delicious breakfast with the California Garden Medammes. It is made from premium quality ingredients that are carefully picked to deliver you with an exceptional product. Each bite of these California fava beans fills your mouth with fresh flavor that takes you back to the good old days. This ready-to-eat pack allows you to consume it directly or pair it with some food to create a new delicacy.,,,,,,,,,,
3663,California Garden Sweet Corn Seeds 330g,49.99  LE,59.99 LE,16.7%,Calfornia,Calfornia,in stock,"The California Garden Kernel Sweet Corn helps you give a refreshing twist to your food. It is carefully selected to deliver you a premium quality product. Corn is a rich source of various vitamins and minerals that keep you energized for a more extended period. The freshness of this Americana sweet corn reflects in its delicious flavor. You can add it to many dishes like tacos, salads, soups and many more.",,,,,,,,,,
3727,Metro Chick Peas 400g,24.99  LE,34.75 LE,28.1%,Metro Private,Metro Private,in stock,Metro Chick Peas 400g,,,,,,,,,,
4408,Regina Spaghetti Pasta 1.6mm - 400g,23.75  LE,28.99 LE,18.1%,Regina,Regina,in stock,"The Regina Pasta 1.6mm Spaghetti serves as a promising candidate for trying out various pasta cuisines. Derived from 100% freshly extracted durum wheat semolina, the spaghetti is authentic in flavor and color. These fine-quality pasta pieces are easy to simmer and have a consistent texture that results in them being uniformly cooked.",,,,,,,,,,
4409,Regina Small Rings Pasta 6mm - 400g,23.75  LE,28.99 LE,18.1%,Regina,Regina,in stock,"The Regina Pasta Small Rings serve as a promising candidate for trying out various pasta cuisines. Derived from 100% freshly extracted durum wheat semolina, the pasta rings are authentic in flavor and color. These fine-quality pasta pieces are easy to simmer and have a consistent texture that results in them being uniformly cooked.",,,,,,,,,,
4410,Regina Vermicelli No.10 Pasta400g,23.75  LE,28.99 LE,18.1%,Regina,Regina,in stock,"Give that online recipe a try with the promising Regina Pasta Vermicelli. Derived from 100% freshly extracted durum wheat semolina, the pasta vermicelli is authentic in flavor and color. These fine-quality pasta pieces are easy to simmer and have a consistent texture that results in them being uniformly cooked.",,,,,,,,,,
4411,Regina Penne Pasta - 400g,23.75  LE,28.99 LE,18.1%,Regina,Regina,in stock,"Experiment on different online recipes with the appetizing Regina Pasta Penne. Derived from 100% freshly extracted durum wheat semolina, the pasta penne is authentic in flavor and color. These fine-quality pasta pieces are easy to simmer and have a consistent texture that results in them being uniformly cooked.",,,,,,,,,,
4413,Regina Big Rings Pasta - 400g,23.75  LE,28.99 LE,18.1%,Regina,Regina,in stock,"The Regina Pasta Big Rings serve as a promising candidate for trying out various pasta cuisines. Derived from 100% freshly extracted durum wheat semolina, the pasta rings are authentic in flavor and color. These fine-quality pasta pieces are easy to simmer and have a consistent texture that results in them being uniformly cooked.",,,,,,,,,,
4416,Regina Elbow Pasta - 400g,23.75  LE,28.99 LE,18.1%,Regina,Regina,in stock,"The Regina Pasta Elbow gives you a great start for preparing the most anticipated pasta recipe. Derived from 100% freshly extracted durum wheat semolina, the pasta is authentic in flavor and color. These fine-quality pasta pieces are easy to simmer and have a consistent texture that results in them being uniform cooked.",,,,,,,,,,
4417,Regina Shells Pasta - 400g,23.75  LE,28.99 LE,18.1%,Regina,Regina,in stock,"Prepare delicious pasta dishes using the refined Regina Pasta Shells for enhancing their look and feel. Derived from 100% freshly extracted durum wheat semolina, the pasta rings are authentic in flavor and color. These fine-quality pasta pieces are easy to simmer and have a consistent texture that results in them being uniformly cooked.",,,,,,,,,,
4418,Regina Fusilli Pasta - 400g,23.75  LE,28.99 LE,18.1%,Regina,Regina,in stock,"Give that online recipe a try with the promising Regina Pasta Fusilli. Derived from 100% freshly extracted durum wheat semolina, the pasta is authentic in flavor and color. These fine-quality pasta pieces are easy to simmer and have a consistent texture that results in them being uniformly cooked.",,,,,,,,,,
4448,Al Doha Egyptian Rice - 5Kg,187.99  LE,204.99 LE,8.3%,Al Doha,Al Doha,in stock,"The Al Doha Egyptian Rice presents the finest quality, carefully picked grains that would not only beautify your rice-based cuisines but also makes them lip-smacking. Each grain has a polished texture with smooth contours so that it does not become sticky on being cooked. The grains are pre-washed without compromising on the taste, saving your time and energy.",,,,,,,,,,
4452,Indomie Chicken Noodles - 70g,6.5  LE,7.99 LE,18.6%,Indomie,Indomie,in stock,The Indomie Chicken Noodles are a great meal for your outings. The instant noodles require the least preparation time. They pack a great taste and keep you full for the longest.,,,,,,,,,,
4612,Regina Rice Pasta - 400g,23.75  LE,28.99 LE,18.1%,Regina,Regina,in stock,"The Regina Pasta Rice perfectly complements rice-based cuisines but reveals a hint of the pasta’s semolina essence. Derived from freshly extracted durum wheat semolina, the rice is authentic in flavor and color. These fine-quality grains are easy to boil and have a consistent texture that results in them being uniformly cooked.",,,,,,,,,,
4613,Al Doha Egyptian White Rice - 1Kg,37.99  LE,40.99 LE,7.3%,Al Doha,Al Doha,in stock,"The Al Doha Egyptian White Rice presents the finest quality, carefully picked grains that would not only beautify your rice-based cuisines but also makes them lip-smacking. Each grain has a polished texture with smooth contours so that it does not become sticky on being cooked. The grains are pre-washed without compromising on the taste, saving your time and energy.",,,,,,,,,,
4735,Imtenan Cargo Brown Rice - 750g,79.99  LE,94.95 LE,15.8%,Imtenan,Imtenan,in stock,Give your meals the goodness of the Imtenan Cargo Brown Rice that helps you to keep obesity at bay. This fiber-rich rice promotes slow digestion to help maintain your glucose levels at normal. It prevents hunger between meals and keeps you full all day long. People with diabetes and cholesterol can benefit from it. It will keep your heart healthy too.,,,,,,,,,,
4762,Indomie SuperMi Vegetable Flavour 70g,6.5  LE,7.99 LE,18.6%,Indomie,Indomie,in stock,Savor into the delicious Indomie Vegetable Flavor Super Mi Noodles. It has a soft texture that perfectly melts into your mouth. It is an ideal snack when you are cramped up for time. The Vegetable flavor tantalizes your taste buds with its impeccable taste. It contains nutrients that help boost your overall immunity. ,,,,,,,,,,
4798,Indomie Beef Flavour Instant Noodles 70g,6.5  LE,7.99 LE,18.6%,Indomie,Indomie,in stock,The Indomie Beef Flavor Instant Noodles are a great meal for your outings. The instant noodles require the least preparation time. They pack a great taste and keep you full for the longest.,,,,,,,,,,
5229,Nestle Fitness Honey & Almond 355g,214.99  LE,254.5 LE,15.5%,Nestle,Nestle,in stock,"A perfect blend of taste and nutrition, the Nestle Honey &amp; Almond Fitness Toasties make for an excellent snack. It is packed with nutrients that help to maintain your overall health and wellbeing. Flavored with honey and almonds, it adds a crunchy and sweet delight to your palette.",,,,,,,,,,
5485,Nescafe Gold Instant Coffee - 190g,439.45  LE,488.99 LE,10.1%,Nescafe,Nescafe,in stock,"Enjoy the rich taste and well-rounded taste of the Nescafe Gold Instant Coffee. It is made from 100% natural Arabica and Robusta coffee beans that offer an authentic coffee taste on every sip. Also, its freeze-dried technology seizes the acute coffee fragrance in every grain. This aromatic and delicious coffee makes every break a perfect one.",,,,,,,,,,
5551,Coffee Mate Coffee Creamer - 400g,144  LE,160 LE,10%,Nestle,Nestle,in stock,Start your day on a refreshing note with a hot cup of coffee using the Coffee Mate Coffee Creamer. It is sugar-free that makes it ideal for those seeking to avoid sweets. The strong and intense formulation offers an instant boost in energy.,,,,,,,,,,
5573,Royal Mint Green Tea 25Bags,24.95  LE,32.5 LE,23.2%,Royal,Royal,in stock,"The Royal Green Tea with Mint instantly wakes you up with its soothing aroma and distinctive flavor. All the ingredients are carefully picked to deliver you with a premium quality product. This Royal tea is rich in antioxidants and boosts your immune system to keep you healthy and fit. The peppermint freshens your breath and also delivers a distinctive aroma and flavor to the tea, elevating its overall essence. ",,,,,,,,,,
5574,Royal Green Tea - 25 Bags,24.95  LE,32.5 LE,23.2%,Royal,Royal,in stock,The Royal Green Tea lets you get into that fitness regime with its metabolism-boosting properties. The ingredients are picked carefully to deliver you with a top-quality product. This Royal tea is rich in antioxidants and boosts your immune system to keep you healthy and fit. This green tea keeps your breath fresh and helps you improve digestion. It has a distinctive aroma and full-bodied flavor that elevates its overall essence. ,,,,,,,,,,
5605,Royal Hibiscus Herbs Tea - 50 Bags,52.25  LE,66 LE,20.8%,Royal,Royal,in stock,"Kick-start your mornings with a refreshing cup of Royal Hibiscus Herbs Tea. All the ingredients are carefully picked to deliver you with a premium quality product. This Royal tea is rich in antioxidants and boosts your immune system to keep you healthy and fit. The hibiscus promotes liver health and also delivers a distinctive aroma and flavor to the tea, elevating its overall essence. ",,,,,,,,,,
5606,Royal Anise - 50 Bags,52.25  LE,66 LE,20.8%,Royal,Royal,in stock,Royal Anise - 50 Bags,,,,,,,,,,
5628,Royal Mint Tea - 20 Bags,25.5  LE,29.5 LE,13.6%,Royal,Royal,in stock,The minty essence of this Royal Green Peppermint Tea gives you a perfect start for the day. The ingredients are picked carefully to deliver you with a top-quality product. This Royal tea is rich in antioxidants and boosts your immune system to keep you healthy and fit. The peppermint freshens your breath and helps you improve digestion. It has a distinctive aroma and full-bodied flavor that elevates its overall essence. ,,,,,,,,,,
6302,Hero Strawberry Jam - 350g,61.95  LE,73.99 LE,16.3%,Hero,Hero,in stock,"The Hero Strawberry Jam is made from the best natural ingredients, without the use of any artificial fillings, preservatives or additives. You can enjoy it best with bread or bagel or spread it on a crunchy snack. It lets you enjoy the great flavor at home, at work or during any time of the day with its light taste. Strawberry has high fiber, vitamins and antioxidant content that helps to make your breakfast a healthy and delicious one.
",,,,,,,,,,
6303,Hero Apricot Jam - 350g,67.99  LE,80.99 LE,16.1%,Hero,Hero,in stock,"The Hero Apricot Jam is made from the best natural ingredients, without the use of any artificial fillings, preservatives or additives. You can enjoy it best with bread or bagel or spread it on a crunchy snack. It lets you enjoy the great flavor at home, at work or during any time of the day with its light taste. Apricot has high vitamins, minerals and antioxidant content that helps to make your breakfast a healthy and delicious one.
",,,,,,,,,,
6305,Hero Orange Jam - 350g,61.95  LE,73.99 LE,16.3%,Hero,Hero,in stock,"The Hero Orange Jam is made from the best natural ingredients, without the use of any artificial fillings, preservatives or additives. You can enjoy it best with bread or bagel or spread it on a crunchy snack. It lets you enjoy the great flavor at home, at work or during any time of the day with its light taste. Orange is high on Vitamin C content that helps to make your breakfast a healthy and delicious one.
",,,,,,,,,,
6307,Hero Mixed Fruits Jam - 350g,61.95  LE,73.99 LE,16.3%,Hero,Hero,in stock,"The Hero Mixed Fruits Jam is made from the best natural ingredients, without the use of any artificial fillings, preservatives or additives. You can enjoy it best with bread or bagel or spread it on a crunchy snack. It lets you enjoy the great flavor at home, at work or during any time of the day with its light taste. Mixed Fruits contains various nutrients including potassium, fiber, vitamin C and folate that help to make your breakfast a healthy and delicious one. 

",,,,,,,,,,
6308,Hero Fig Jam - 350g,61.95  LE,73.99 LE,16.3%,Hero,Hero,in stock,"The Hero Fig Jam is made from the best natural ingredients, without the use of any artificial fillings, preservatives or additives. You can enjoy it best with bread or bagel or spread it on a crunchy snack. It lets you enjoy the great flavor at home, at work or during any time of the day with its light taste. Figs are a good source of calcium and fiber that helps to make your breakfast a healthy and delicious one
",,,,,,,,,,
6348,El Rashidi Strawberry Jam - 700g,54.99  LE,69.25 LE,20.6%,El Rashid El-Mizan,El Rashid El-Mizan,in stock,"Layer your toast with the delicious El Rashidi El Mizan Strawberry Jam to savor a burst of its fruity flavor. Derived from fresh strawberries, this jam epitomizes purity and indulging sweetness. It has a smooth taste that would make you reminisce succulent fresh fruits.",,,,,,,,,,
6349,El Rashidi Fig Jam - 700g,54.99  LE,69.25 LE,20.6%,El Rashid El-Mizan,El Rashid El-Mizan,in stock,"Layer your toast with the yummy El Rashidi El Mizan Fig Jam to savor a burst of its fruity flavor. Derived from fresh figs, this jam epitomizes purity and indulging sweetness. It has a smooth taste that would make you reminisce succulent fresh fruits.",,,,,,,,,,
6350,El Rashidi El Mizan Apricot Jam - 700g,59.99  LE,71.5 LE,16.1%,El Rashid El-Mizan,El Rashid El-Mizan,in stock,"Spread a layer of the El Rashidi El Mizan Apricot Jam on fresh toast to savor a burst of fruity flavor. Derived from wholesome apricots, this jam epitomizes purity and indulging sweetness. It has a smooth taste that would make you reminisce succulent fresh fruits.",,,,,,,,,,
6380,Vitrac Strawberry Cream Jam - 430g,42.99  LE,53.99 LE,20.4%,Vitrac,Vitrac,in stock,Engage in a nutritious and sweet indulgence with the Vitrac Strawberry Cream Jam. It is rich in flavor and is sure to fulfil your taste buds. The jam ranks high in vitamins and is healthy for consumption. It is perfect to consume with a toast or pancake.,,,,,,,,,,
6381,Vitrac Fig Cream Jam - 430g,42.99  LE,53.99 LE,20.4%,Vitrac,Vitrac,in stock,Enjoy fruity goodness with the Vitrac Fig Cream Jam. It has a delicious taste to satisfy your palate. The jam is rich in nutrition and sure to keep you fit and healthy. You can consume this jam with any food of your choice.,,,,,,,,,,
6382,Vitrac Apricot Cream Jam - 430g,46.99  LE,58.99 LE,20.3%,Vitrac,Vitrac,in stock,"Make your diet nutritious with the Vitrac Apricot Cream Jam. This jam is sure to fulfil your palate with its delicious, fruity taste. It is rich in vitamins and minerals to boost your physical fitness. You can consume this jam on a daily basis with toasts, waffles or pancakes.",,,,,,,,,,
6513,Hero Clover Honey - 650g,152.99  LE,195.99 LE,21.9%,Hero,Hero,in stock,"The Hero Clover Honey is made from the best natural ingredients, without the use of any artificial fillings, preservatives or additives. It ensures fine quality and purity of the honey for a healthy lifestyle full of energy. You can use it to sweeten your dressing or spread the honey on the toast or pancakes to enjoy a delicious meal. It lets you enjoy the great flavor at home, at work or during any time of the day with its light taste.",,,,,,,,,,
6515,Hero Citrus Honey - 650g,152.99  LE,195.99 LE,21.9%,Hero,Hero,in stock,"The Hero Citrus Honey is made from the best natural ingredients, without the use of any artificial fillings, preservatives or additives. It ensures fine quality and purity of the honey for a healthy lifestyle full of energy. You can use it to sweeten your dressing or spread the honey on the toast or pancakes to enjoy a delicious meal. It lets you enjoy the great flavor at home, at work or during any time of the day with its light taste.",,,,,,,,,,
6556,Holw El Sham Om Ali With Nuts 155g,39.99  LE,52.99 LE,24.5%,Holw Elsham,Holw Elsham,in stock,Holw El Sham Om Ali With Nuts 155g,,,,,,,,,,
6565,Al Doha Fine Flour - 1Kg,29.99  LE,37.5 LE,20%,Al Doha,Al Doha,in stock,"Reinvent your baked creations with the Al Doha Fine Flour. It is finely textured to lend a smooth quality to the confectionaries. This flour gives a subtle crispy feel when used as a breading for meat, fish and vegetables. It acts as a perfect base for delicate baking delicacies, including cupcakes and muffins.",,,,,,,,,,
6580,Holw El Sham Basbousa With Hazelnut 400g,49.99  LE,64.99 LE,23.1%,Holw Elsham,Holw Elsham,in stock,Get the best of taste and nutrition with the Holw El Sham Basbousa with Hazelnut. It is rich in flavor and is sure to satisfy your taste buds. The basbousa is rich in nutrients and proteins to enhance your fitness. It is ideal to consume with tea or coffee.,,,,,,,,,,
6608,Holw El Sham Basbousa With Cream 400g,49.99  LE,64.99 LE,23.1%,Holw Elsham,Holw Elsham,in stock,Enjoy a sweet treat with the Holw El Sham Basbousa with Cream. It is rich in flavor and is sure to satisfy your taste buds. The basbousa is rich in nutrients and proteins to enhance your fitness. It is ideal to consume with tea or coffee.,,,,,,,,,,
7005,Demitta Cling Film - (20M*30cm),39.95  LE,49.95 LE,20%,Demita,Demita,in stock,Demitta Cling Film - (20M*30cm),,,,,,,,,,
7020,Demitta Aluminum Foil - 20M x 40Cm,149.95  LE,169.95 LE,11.8%,Demita,Demita,in stock,"Keep your food fresh for a long time with the Demitta Aluminum Foil. This foil is exceptionally lightweight, flexible, and can also be recycled very easily. Furthermore, it is hygienic, non-toxic, and helps keep the aroma of your preparations intact for a long time. It also offers protection from light, oils and grease, and microorganisms.",,,,,,,,,,
8083,El Rashidi Plain Halawa - 230 g,54.99  LE,62 LE,11.3%,El Rashid El-Mizan,El Rashid El-Mizan,in stock,"The El Rashidi El Mizan Plain Halawa Spread is the perfect accompaniment for bread, biscuits, or cookies for enhanced taste. The confectionery is ideal for consuming directly or useful as a spread. It packs an excellent taste and makes for a great addition to your breakfast table. 
",,,,,,,,,,
8087,El Bawadi Tahina - 480 g,96.99  LE,142.75 LE,32.1%,al-bawadi,al-bawadi,in stock,"Prepare finger-licking meals like hummus, baba ghanoush, halva, and more with the El Bawadi Tahina. It packs an excellent taste and makes a great addition to your everyday meal. It is carefully made from the toasted ground hulled sesame, making it safe and reliable to use. ",,,,,,,,,,
8096,El Rashidi Plain Halawa - 510g,89.99  LE,118.75 LE,24.2%,El Rashid El-Mizan,El Rashid El-Mizan,in stock,"The El Rashidi El Mizan Plain Halawa Spread is the perfect accompaniment for bread, biscuits, or cookies for enhanced taste. The confectionery is ideal for consuming directly or useful as a spread. It packs an excellent taste and makes for a great addition to your breakfast table. 
",,,,,,,,,,
8100,Ferrero Nutella Hazelnut With Coca 350g,213.75  LE,273 LE,21.7%,Ferrero,Ferrero,in stock,"Make your breakfast tastier and more enjoyable for your kids with the Ferrero Nutella Chocolate Spread. It is enriched with cocoa, butter, milk, and sugar to give it a rich taste. You can spread it on a bread slice or a toast to enjoy a sweet treat. It will delight your kids as they keep asking for more. You can also prepare a wide range of desserts for your whole family.",,,,,,,,,,
8157,El Rashidi Halawa Spread - 300g,58.99  LE,71 LE,16.9%,El Rashid El-Mizan,El Rashid El-Mizan,in stock,Treat yourself with the delightfully sweet El Rashidi El Mizan Halawa Spread. The confectionery is ideal for consuming directly or be used a spread. It packs an excellent taste and makes for a great addition to your breakfast table. ,,,,,,,,,,
8162,El Rashidi Spread Halawa Chocolate- 300g,62.99  LE,75.5 LE,16.6%,El Rashid El-Mizan,El Rashid El-Mizan,in stock,Treat yourself with the delightfully sweet El Rashidi El Mizan Chocolate Halawa Spread. The confectionery is ideal for consuming directly or be used a spread. It packs an excellent taste and makes for a great addition to your breakfast table. ,,,,,,,,,,
9011,Imtenan Coconut Oil - 250Ml,254.99  LE,298.99 LE,14.7%,Imtenan,Imtenan,in stock,"Keep your entire family safe and healthy with the Imtenan Coconut Oil. The oil is an excellent source of fatty acids, antioxidants, vitamin E, and contains zero cholesterol. It is suitable for all kinds of cuisines and also for salad dressing and flavoring. This oil also helps keep the heart healthy and warm on festivities. It is ideally suited for cooking, frying, and baking all delectable and cuisines.",,,,,,,,,,
9495,Al Doha Egyptian White Beans - 500g,84.99  LE,98.99 LE,14.1%,Al Doha,Al Doha,in stock,"Let seasonal availability not stop you from cooking your favorite delicacies with the Al Doha Egyptian White Beans. With premium-quality preservation of carefully selected white beans, you get high-quality ingredients whenever you need them. Its preserved form is easy to store and does not require a lot of monitoring.",,,,,,,,,,
9497,Al Doha Yellow Lentil - 500g,57.99  LE,66.75 LE,13.1%,Al Doha,Al Doha,in stock,"Let seasonal availability not stop you from cooking your favorite delicacies with the Al Doha Egyptian Yellow Lentil. With premium-quality preservation of carefully selected yellow lentil, you get high-quality ingredients whenever you need them. Its preserved form is easy to store and does not require a lot of monitoring.",,,,,,,,,,
10558,Halwani Bros Oriental Sausages - 300g,149.99  LE,164.99 LE,9.1%,Halwani,Halwani,in stock,"Prepare delicious and juicy burgers, pizzas, and sandwiches with the Halwani Bros Oriental Sausages. This ready-to-eat sausage is filled with rich nutritive values that promote healthy growth. You can enjoy this snack with the choice of your sauce.",,,,,,,,,,
10559,Halwani Bros Beef Burger - 8Pc,159.99  LE,188.99 LE,15.3%,Halwani,Halwani,in stock,The Halwani Bros Beef Burger curbs your food cravings with its delicious flavors. It features an excellent mix of rich spices and ingredients that offers a great taste. You can serve this delicacy to your guests on occasions like a family reunion and get together. ,,,,,,,,,,
10562,Halwani Bros Minced Meat - 350g,179.99  LE,194.99 LE,7.7%,Halwani,Halwani,in stock,Prepare a plate full of varieties with the Halwani Bros Minced Meat. It is filled with rich protein and nutrients that promote healthy growth. The ready-to-add minced meat cuts down the preparation time.,,,,,,,,,,
10572,Halwani Bros Beef Hot Dog - 900g,239.99  LE,264 LE,9.1%,Halwani,Halwani,in stock,The Halwani Bros Beef Hot Dog curbs your food cravings with its delicious flavors. It features an excellent mix of rich spices and ingredients that offers a great taste. You can serve this delicacy to your guests on occasions like a family reunion and get together.,,,,,,,,,,
10581,Atyab Beef Burger - 400g 8Pc,159.99  LE,184.99 LE,13.5%,atyab,atyab,in stock,Curb your hunger pangs with the Atyab Beef Burger. It features an excellent mix of rich spices and ingredients that offers a great taste. You can serve this delicacy to your guests on occasions like a family reunion and get together. ,,,,,,,,,,
10583,Atyab Jumbo Beef Burger- 1.5Kg 15Pc,444.99  LE,494 LE,9.9%,atyab,atyab,in stock,Curb your hunger pangs with the Atyab Jumbo Beef Burger. It features an excellent mix of rich spices and ingredients that offers a great taste. You can serve this delicacy to your guests on occasions like a family reunion and get together.,,,,,,,,,,
10584,Atyab Beef Hot Dog -1Kg 12Pc,274.99  LE,299.99 LE,8.3%,atyab,atyab,in stock,Curb your hunger pangs with the Atyab Beef Hot Dog. It features an excellent mix of rich spices and ingredients that offers a great taste. You can serve this delicacy to your guests on occasions like a family reunion and get together.,,,,,,,,,,
10585,Atyab Beef Hot Dog - 1Kg 25Pc,274.99  LE,299.99 LE,8.3%,atyab,atyab,in stock,Curb your hunger pangs with the Atyab Beef Hot Dog. It features an excellent mix of rich spices and ingredients that offers a great taste. You can serve this delicacy to your guests on occasions like a family reunion and get together.,,,,,,,,,,
10586,Atyab Beef Burger- 1Kg 20Pc,279.99  LE,324 LE,13.6%,atyab,atyab,in stock,Curb your hunger pangs with the Atyab Beef Burger. It features an excellent mix of rich spices and ingredients that offers a great taste. You can serve this delicacy to your guests on occasions like a family reunion and get together.,,,,,,,,,,
10588,Atyab Oriental Sausages - 350g,139.99  LE,164.99 LE,15.2%,atyab,atyab,in stock,"Prepare delicious and juicy burgers, pizzas, and sandwiches with the Atyab Oriental Sausages. This ready-to-eat sausage is filled with rich nutritive values that promote healthy growth. You can enjoy this snack with the choice of your sauce.",,,,,,,,,,
10589,Atyab Beef Kofta - 350g,124.99  LE,139.99 LE,10.7%,atyab,atyab,in stock,The Atyab Beef Kofta makes your mealtime more delicious. It features an excellent mix of rich spices and ingredients that offers a great taste. You can serve this delicacy to your guests on occasions like a family reunion and get together. ,,,,,,,,,,
10591,Atyab Oriental Sausages - 900g,279.99  LE,307.99 LE,9.1%,atyab,atyab,in stock,"Prepare delicious and juicy burgers, pizzas, and sandwiches with the Atyab Oriental Sausages. This ready-to-eat sausage is filled with rich nutritive values that promote healthy growth. You can enjoy this snack with the choice of your sauce.",,,,,,,,,,
10592,Atyab Beef Kofta - 900g,279.99  LE,299.99 LE,6.7%,atyab,atyab,in stock,The Atyab Beef Kofta makes your mealtime more delicious. It features an excellent mix of rich spices and ingredients that offers a great taste. You can serve this delicacy to your guests on occasions like a family reunion and get together. ,,,,,,,,,,
10595,Atyab Minced Meat - 300g,169.99  LE,196.99 LE,13.7%,atyab,atyab,in stock,Prepare gourmet quality dishes with the Atyab Minced Meat. It is filled with rich protein and nutrients that promote healthy growth. The ready-to-add minced meat cuts down the preparation time helps you to prepare a wide variety of dishes.,,,,,,,,,,
10598,Halawni Bros Beef Burger - 1Kg,289.99  LE,328.99 LE,11.9%,Halwani,Halwani,in stock,The Halwani Bros Beef Burger curbs your food cravings with its delicious flavors. It features an excellent mix of rich spices and ingredients that offers a great taste. You can serve this delicacy to your guests on occasions like a family reunion and get together. ,,,,,,,,,,
10599,Halwani Steak Burger - 150g 4 Pc,284.99  LE,339.99 LE,16.2%,Halwani,Halwani,in stock,The Halwani Bros Steak Burger curbs your food cravings with its delicious flavors. It features an excellent mix of rich spices and ingredients that offers a great taste. You can serve this delicacy to your guests on occasions like a family reunion and get together. ,,,,,,,,,,
10605,Koki Beef Burger -1Kg,214.99  LE,279.99 LE,23.2%,Americana,Americana,in stock,Koki Beef Burger -1Kg,,,,,,,,,,
10884,Tiba Plastic Plate-10PC,59.95  LE,117.95 LE,49.2%,Tiba,Tiba,in stock,Tiba Plastic Plate-10PC,,,,,,,,,,
10986,Fine Touch2Ply Kitchen Towel Roll5+1Free,62.95  LE,72.95 LE,13.7%,Fine,Fine,in stock,"Keep your work station clean and dry with the Fine 2Ply Touch Kitchen Towels. They are made of high-quality food-grade paper that is gentle and exceptionally absorbent. The smooth texture and two-ply design of these towels make it last for a long time, allowing easy cleaning and drying. Thanks to this soft and hygienic design, it allows safe use for all skin types.",,,,,,,,,,
11075,Fine Smart Toilet Paper -10Pc+2Pack,99.95  LE,132.95 LE,24.8%,Fine,Fine,in stock,"The Fine Smart Choice Paper Toilet is a suitable sanitary solution for daily use. It is made up of high-quality virgin paper that is exceptionally soft and absorbent. This toilet paper is gentle and non-irritating on the skin, making it very safe for use. Thanks to its high strength paper, this toilet paper does not tear easily during use, making it an ideal choice, quality, and texture-wise.",,,,,,,,,,
11145,Me & Metro Deluxe Kitchen Roll - 2 Pcs,22.99  LE,29.5 LE,22.1%,Metro Private,Metro Private,in stock,Keep your kitchen clean and hygienic with the Me and Metro Deluxe Kitchen Roll. It is made of 100% natural paper that quickly absorbs the water. These high-absorbent kitchen rolls help to clean the spills and everything else in the kitchen promptly. The versatile soft-touch rolls can also be used as a table napkin.,,,,,,,,,,
11521,Kirox Odls Flying Insect Killer - 400ml,63.95  LE,77.95 LE,18%,Kirox,Kirox,in stock,"Ensure that your house is free of insects with the Kirox Flying Insect Killer. With a formula that instantly kills insects, the spray helps to keep your houses safe. The insect killer is formulated to kill insects in a single spray while its easy to spray mechanism makes it convenient to use the formula.",,,,,,,,,,
11608,Frida Air Freshener Spray Peach 460Ml,62.75  LE,74.95 LE,16.3%,Frida,Frida,in stock,Eliminate the bad odor and bacteria from the room with the Frida Aqua Sensation Peach Air Freshener. It fills your space with a refreshing aroma and creates an ideal ambiance. The invigorating aroma keeps your mind energized and delights your olfactory senses.,,,,,,,,,,
11609,Frida Aqua Sens Oud Air Freshener -460Ml,62.75  LE,74.95 LE,16.3%,Frida,Frida,in stock,Eliminate the bad odor and bacteria from the room with the Frida Aqua Sensation Oud Air Freshener. It fills your space with a refreshing aroma and creates an ideal ambiance. The invigorating aroma keeps your mind energized and delights your olfactory senses.,,,,,,,,,,
11610,Frida Air Fresheners jasmine -460Ml,62.75  LE,74.95 LE,16.3%,Frida,Frida,in stock,Frida Air Fresheners jasmine -460Ml,,,,,,,,,,
11611,Frida Air Fresheners meadows -460Ml,62.75  LE,74.95 LE,16.3%,Frida,Frida,in stock,Frida Air Fresheners meadows -460Ml,,,,,,,,,,
11612,Frida Air Fresheners Chill Out -460Ml,62.75  LE,74.95 LE,16.3%,Frida,Frida,in stock,Frida Air Fresheners Chill Out -460Ml,,,,,,,,,,
11613,Frida Air Freshener Framboise Scent460Ml,62.75  LE,74.95 LE,16.3%,Frida,Frida,in stock,Frida Air Freshener Framboise Scent460Ml,,,,,,,,,,
11699,Pril Liquid Detergent -2.5L+General S.O,109.95  LE,124.95 LE,12%,pril,pril,in stock,Pril Liquid Detergent -2.5L+General S.O,,,,,,,,,,
11702,Frida Home Cleaner Oud - 480Ml,41.95  LE,49.95 LE,16%,Frida,Frida,in stock,Keep your space odor- and bacteria-free with the Frida Oud Home Cleaner. It&#039,,,https://www.metro-markets.com/product/Frida-Home-Cleaner-Oud---480Ml/11702,,,,,,,
11703,Frida Home Cleaner Lemoncello - 480Ml,41.95  LE,49.95 LE,16%,Frida,Frida,in stock,Keep your space odor- and bacteria-free with the Frida Lemoncello Home Cleaner. It&#039,,,https://www.metro-markets.com/product/Frida-Home-Cleaner-Lemoncello---480Ml/11703,,,,,,,
11704,Frida Home Fragrance Fruit Punch -480Ml,41.95  LE,49.95 LE,16%,Frida,Frida,in stock,Frida Home Fragrance Fruit Punch -480Ml,,,,,,,,,,
11705,Frida Home Fragrance Beach Dream -480Ml,41.95  LE,49.95 LE,16%,Frida,Frida,in stock,Frida Home Fragrance Beach Dream -480Ml,,,,,,,,,,
11706,Frida Home Fragrance Dark Forest -480Ml,41.95  LE,49.95 LE,16%,Frida,Frida,in stock,Frida Home Fragrance Dark Forest -480Ml,,,,,,,,,,
11757,Frida Arabesque Air Fresheners - 460Ml,62.75  LE,74.95 LE,16.3%,Frida,Frida,in stock,Eliminate the bad odor and bacteria from the room with the Frida Arabesque Air Freshener. It fills your space with a refreshing aroma and creates an ideal ambiance. The invigorating aroma keeps your mind energized and delights your olfactory senses.,,,,,,,,,,
11759,Frida Clean Home Cleaner - 480Ml,41.95  LE,49.95 LE,16%,Frida,Frida,in stock,Keep your space odor- and bacteria-free with the Frida Clean Home Cleaner. It&#039,,,https://www.metro-markets.com/product/Frida-Clean-Home-Cleaner---480Ml/11759,,,,,,,
11784,Dettol Bath and Kitchen Cleaner+40%-500m,439.95  LE,525.5 LE,16.3%,Dettol,Dettol,in stock,Dettol Bath and Kitchen Cleaner+40%-500m,,,,,,,,,,
12156,Dettol Disinfectant 950M*2Pc 40% Offer,719.95  LE,863.95 LE,16.7%,Dettol,Dettol,in stock,Dettol Disinfectant 950M*2Pc 40% Offer,,,,,,,,,,
12298,Oxi Low Suds Oriental Breeze 4K+2K S.O,319.95  LE,374.95 LE,14.7%,Oxi LS,Oxi LS,in stock,Oxi Low Suds Oriental Breeze 4K+2K S.O,,,,,,,,,,
12299,Oxi Low Suds Powder Spring 4K+2K S.O,319.95  LE,374.95 LE,14.7%,Oxi LS,Oxi LS,in stock,Oxi Low Suds Powder Spring 4K+2K S.O,,,,,,,,,,
12326,Persil Automatic Laundry Color 800g,66.95  LE,84.95 LE,21.2%,Persil LS,Persil LS,in stock,Persil Automatic Laundry Color 800g,,,,,,,,,,
12335,Persil Automatic Laundry Color 2.5Kg,159.95  LE,194.95 LE,18%,Persil LS,Persil LS,in stock,Persil Automatic Laundry Color 2.5Kg,,,,,,,,,,
12377,Persil Gel Power Washing- 2.6L,174.95  LE,199.95 LE,12.5%,Persil Gel,Persil Gel,in stock,"Give your clothes a spotless cleaning with the Persil Power Washing Gel. This powerful gel penetrates deep into the fabric to provide effective cleaning by removing tough stains and dirt without leaving any residue any behind. It protects the clothes from damages and color fading. Not only that, but the gel also leaves the clothes with a refreshing scent.",,,,,,,,,,
12378,Persil Gel Power Washing Lavender -2.6L,174.95  LE,199.95 LE,12.5%,Persil Gel,Persil Gel,in stock,"Give your clothes a spotless cleaning with the Persil Power Lavender Washing Gel. This powerful gel penetrates deep into the fabric to provide effective cleaning by removing tough stains and dirt without leaving any residue any behind. It protects the clothes from damages and color fading. Not only that, but the gel also leaves the clothes with a refreshing scent.",,,,,,,,,,
12407,Oxi Brite 2*1 Lavender 4+2Kg S.O,319.95  LE,374.95 LE,14.7%,Oxi LS,Oxi LS,in stock,"The Oxi Brite 2 in 1 Lavender Detergent Powder keeps your clothes clean and fresh after each wash. This unit is uniquely formulated to cleanse the fabric from deep within without distorting the thread weave. This detergent gently removes all the stains and dirt, keeping the material soft. The light scent of this Oxi Brite detergent keeps your clothes fresh and fragrant after every wash. ",,,,,,,,,,
12588,Al-Fath Gabg Bag Roll 70 x 90cm - 50Pc,149.95  LE,209.95 LE,28.6%,Al-Fath,Al-Fath,in stock,The Al-Fath Plastic Garbage Roll is an excellent addition to your personal care accessories. It is highly absorbent to provide ease at cleaning wet surfaces. The roll is composed of eco-friendly materials that make it safe to get rid of. ,,,,,,,,,,
12646,El-Hosan 80 x 110cm Garb. Bags - 30Pc,69.95  LE,119.95 LE,41.7%,El-Hosan,El-Hosan,in stock,The El-Hosan Garbage Bags helps effortlessly contain huge piles of trash for maintaining a clean surrounding. These bags are crafted from premium quality material to ensure that they remain sturdy and don’t tear while holding the trash. They hold huge bulky discards in a mess-free manner without causing spills. ,,,,,,,,,,
12650,El-Hosan Ref Bag Roll 25 x 40cm - 120Pc,59.95  LE,105.95 LE,43.4%,El-Hosan,El-Hosan,in stock,The El-Hosan Refrigerator Bag Roll provides a clean containment for preserving your fresh veggies. This roll is crafted from premium quality material that ensures that it remains sturdy and resilient. It is spacious enough to hold enough veggies.,,,,,,,,,,
15834,Pantene Pro-V Shampoo Milky Repair -400M,163.95  LE,204.95 LE,20%,Pantene,Pantene,in stock,"Achieve better styles, without the damages with the Pantene Pro-V Milky Damage Repair Shampoo. Its unique formula makes your hair stronger, longer, silkier, and also protects from damages. This shampoo deeply nourishes and smoothens the hair from root to tip, making it more manageable. Moreover, it leaves your hair with a refreshing fragrance that delights your olfactory senses.",,,,,,,,,,
15835,Pantene Smooth & Silky Hair Shampoo 400M,163.95  LE,204.95 LE,20%,Pantene,Pantene,in stock,"Experience stunning shine with the Pantene Pro-V Smooth and Silky Shampoo. Its unique formula makes your hair stronger, longer, silkier, and also protects from damages. This shampoo deeply nourishes and smoothens the hair from root to tip, making it more manageable. Moreover, it leaves your hair with a refreshing fragrance that delights your olfactory senses.",,,,,,,,,,
15836,Pantene Pro-V Daily Care Shampoo - 400Ml,163.95  LE,204.95 LE,20%,Pantene,Pantene,in stock,"Be beautiful and stunning with the Pantene Pro-V Daily Care Shampoo. Its unique formula makes your hair stronger, longer, silkier, and also protects from damages. This shampoo deeply nourishes and smoothens the hair from root to tip, making it more manageable. Moreover, it leaves your hair with a refreshing fragrance that delights your olfactory senses.",,,,,,,,,,
15837,Pantene Pro-V Anti-Hair Shampoo-400Ml,163.95  LE,204.95 LE,20%,Pantene,Pantene,in stock,"Add some shine and volume to your hair with the Pantene Pro-V Anti Hair Fall Shampoo. Its unique formula makes your hair stronger, longer, silkier, and also protects from damages. This shampoo deeply nourishes and smoothens the hair from root to tip, making it more manageable. Moreover, it leaves your hair with a refreshing fragrance that delights your olfactory senses.",,,,,,,,,,
16042,Clear Shampoo For Hair Loss Men-360Ml,109.95  LE,127.95 LE,14.1%,Clear,Clear,in stock,Clear Shampoo For Hair Loss Men-360Ml,,,,,,,,,,
16043,Clear Women Shampoo Soft Shiny -360Ml,109.95  LE,127.95 LE,14.1%,Clear,Clear,in stock,Clear Women Shampoo Soft Shiny -360Ml,,,,,,,,,,
16045,Clear Shampoo Deep Clean Men-360Ml,109.95  LE,127.95 LE,14.1%,Clear,Clear,in stock,Clear Shampoo Deep Clean Men-360Ml,,,,,,,,,,
16159,Sunsilk Shampoo Stunning Black Shine600M,109.95  LE,124.95 LE,12%,SUNSILK,SUNSILK,in stock,"Get a healthy-looking hair with the Sunsilk Stunning Black Shine Shampoo. The powerful formula effectively cleanses unwanted dandruff, sebum, and environmental dust. It nourishes scalp and root to strengthen your hair. Also, it leaves your hair with a natural shine and refreshing aroma.",,,,,,,,,,
16160,Sunsilk Shampoo Shine&Strength - 600Ml,109.95  LE,124.95 LE,12%,SUNSILK,SUNSILK,in stock,"Get a healthy-looking hair with the Sunsilk Shine &amp; Strength Shampoo. The powerful formula effectively cleanses unwanted dandruff, sebum, and environmental dust. It nourishes scalp and root to strengthen your hair. Also, it leaves your hair with a natural shine and refreshing aroma. ",,,,,,,,,,
16161,Sunsilk Soft & Smooth Shampoo - 600Ml,109.95  LE,124.95 LE,12%,SUNSILK,SUNSILK,in stock,"Get a healthy-looking hair with the Sunsilk Soft &amp; Smooth Shampoo. The powerful formula effectively cleanses unwanted dandruff, sebum, and environmental dust. It nourishes scalp and root to strengthen your hair. Also, it leaves your hair with a natural shine and refreshing aroma.",,,,,,,,,,
16162,Sunsilk Shampoo For Damaged Hair600M S.O,109.95  LE,124.95 LE,12%,SUNSILK,SUNSILK,in stock,Sunsilk Shampoo For Damaged Hair600M S.O,,,,,,,,,,
16203,Palmers Hair Food Formula Cream - 150g,129.95  LE,156.95 LE,17.2%,Palmers,Palmers,in stock,"Breathe life into your hair by treating it with the Palmer&#039;s Hair Food Formula Cream to alleviate dullness and restore the original luster. The formula is infused with vitamins A, D, and E along with enriching protein ingredients known for their nourishing properties. It strengthens the roots and promotes hair growth.",,,,,,,,,,
16624,Oral-B Toothbrush Classic-1P2+1,99.95  LE,129.95 LE,23.1%,Oral-B,Oral-B,in stock,Oral-B Toothbrush Classic-1P2+1,,,,,,,,,,
16692,Oral-B Toothbrush Black-1P- 2+1,169.95  LE,199.95 LE,15%,Oral-B,Oral-B,in stock,"Provide your teeth protection with the Oral-B Ultrathin Sensitive Extra Soft Black Toothbrush. It cleans your teeth and eliminates tartar and plaque to prevent cavities. Featuring an ergonomic handle, it offers a perfect grip. It is composed from superior-quality materials for enhanced durability.",,,,,,,,,,
16866,Axe Spray Men Fresh Black -150Ml Offer,136.95  LE,149.95 LE,8.7%,Axe,Axe,in stock,Axe Spray Men Fresh Black -150Ml Offer,,,,,,,,,,
16880,Axe Spray Men Black Night -150Ml Offer,136.95  LE,149.95 LE,8.7%,Axe,Axe,in stock,Axe Spray Men Black Night -150Ml Offer,,,,,,,,,,
17001,Axe Gold Spray Men Temptation -150Ml,136.95  LE,149.95 LE,8.7%,Axe,Axe,in stock,Axe Gold Spray Men Temptation -150Ml,,,,,,,,,,
19022,Pampers Premium Care Size (5)- 50 Pc,399.95  LE,459.95 LE,13%,Pampers Prem,Pampers Prem,in stock,Pampers Premium Care Size (5)- 50 Pc,,,,,,,,,,
19026,Pampers Premium Care Size3 - 62Pc,399.95  LE,459.95 LE,13%,Pampers Prem,Pampers Prem,in stock,Pampers Premium Care Size3 - 62Pc,,,,,,,,,,
19027,Pampers Premium Care Size 4 - 58 Pc,399.95  LE,459.95 LE,13%,Pampers Prem,Pampers Prem,in stock,Pampers Premium Care Size 4 - 58 Pc,,,,,,,,,,
19092,Nivea Soft Moisturizing Cream - 200Ml,84.95  LE,132.95 LE,36.1%,Nivea,Nivea,in stock,Nivea Soft Moisturizing Cream - 200Ml,,,,,,,,,,
19337,Nivea Cocoa Butter Body Cream - 200ml,84.95  LE,132.95 LE,36.1%,Nivea,Nivea,in stock,Nivea Cocoa Butter Body Cream - 200ml,,,,,,,,,,
19351,Nivea Nt Farns Face & Body Cream - 200ml,84.95  LE,132.95 LE,36.1%,Nivea,Nivea,in stock,Nivea Nt Farns Face &amp,,,https://www.metro-markets.com/product/Nivea-Nt-Farns-Face-&-Body-Cream---200ml/19351,,,,,,,
19518,Rivoli Shower Gel Damask & violet 1L,69.95  LE,101.95 LE,31.4%,Rivoli,Rivoli,in stock,Rivoli Shower Gel Damask &amp,,,https://www.metro-markets.com/product/Rivoli-Shower-Gel-Damask-&-violet-1L/19518,,,,,,,
19520,Rivoli Shower Gel Elegance Black -1L,69.95  LE,101.95 LE,31.4%,Rivoli,Rivoli,in stock,Rivoli Shower Gel Elegance Black -1L,,,,,,,,,,
19521,Rivoli Shower Gel Vanilla-Tube Purple 1L,69.95  LE,101.95 LE,31.4%,Rivoli,Rivoli,in stock,Rivoli Shower Gel Vanilla-Tube Purple 1L,,,,,,,,,,
19688,Nivea Men Sensitive Shaving Foam - 200Ml,169.95  LE,269.95 LE,37%,Nivea,Nivea,in stock,Nivea Men Sensitive Shaving Foam - 200Ml,,,,,,,,,,
19693,Nivea Shaving Foam 200ml,169.95  LE,269.95 LE,37%,Nivea,Nivea,in stock,Nivea Shaving Foam 200ml,,,,,,,,,,
19696,Nivea Men Fresh&Cool Shaving Gel - 200Ml,189.95  LE,309.95 LE,38.7%,Nivea,Nivea,in stock,Nivea Men Fresh&amp,,,https://www.metro-markets.com/product/Nivea-Men-Fresh&Cool-Shaving-Gel---200Ml/19696,,,,,,,
19702,Nivea Men Fresh & Cool Shaving Foam 200M,169.95  LE,269.95 LE,37%,Nivea,Nivea,in stock,Nivea Men Fresh &amp,,,https://www.metro-markets.com/product/Nivea-Men-Fresh-&-Cool-Shaving-Foam-200M/19702,,,,,,,
19733,Nivea Men Sensitive Shaving Gel - 200ml,189.95  LE,309.95 LE,38.7%,Nivea,Nivea,in stock,Nivea Men Sensitive Shaving Gel - 200ml,,,,,,,,,,
19741,Nivea Men Pr. & Care Shaving Gel - 200ml,189.95  LE,309.95 LE,38.7%,Nivea,Nivea,in stock,Nivea Men Pr. &amp,,,https://www.metro-markets.com/product/Nivea-Men-Pr.-&-Care-Shaving-Gel---200ml/19741,,,,,,,
19776,Nivea Men Deep Shaving Gel - 200Ml,189.95  LE,309.95 LE,38.7%,Nivea,Nivea,in stock,Nivea Men Deep Shaving Gel - 200Ml,,,,,,,,,,
19777,Nivea Men Deep Shaving Foam - 200Ml,169.95  LE,269.95 LE,37%,Nivea,Nivea,in stock,Nivea Men Deep Shaving Foam - 200Ml,,,,,,,,,,
21265,Snickers Chocolate 40g*5Pc,154.99  LE,174.99 LE,11.4%,SNICKERS,SNICKERS,in stock,Snickers Chocolate 40g*5Pc,,,,,,,,,,
21437,Schweppes Tangerine Can 300Ml,15.75  LE,16.99 LE,7.3%,Schweppes,Schweppes,in stock,Schweppes Tangerine Can 300Ml,,,,,,,,,,
21447,Coca Cola Can - 320Ml,15.5  LE,16.99 LE,8.8%,Coca Cola,Coca Cola,in stock,Coca Cola Can - 320Ml,,,,,,,,,,
21448,Fanta Orange Can - 320Ml,15.5  LE,16.99 LE,8.8%,Fanta,Fanta,in stock,{&quot,,,&quot,:&quot,&quot,M002&quot,&quot,,https://metro-website-images.s3.eu-west-1.amazonaws.com/products/LD00302.jpg,https://www.metro-markets.com/product/Fanta-Orange-Can---320Ml/21448
21449,Sprite Lemon Can 320Ml,15.5  LE,16.99 LE,8.8%,Sprite,Sprite,in stock,Sprite Lemon Can 320Ml,,,,,,,,,,
21450,Coca Cola Bottle - 950Ml,22.75  LE,25.5 LE,10.8%,Coca Cola,Coca Cola,in stock,{&quot,,,&quot,:&quot,&quot,M002&quot,&quot,,https://metro-website-images.s3.eu-west-1.amazonaws.com/products/LD00317.jpg,https://www.metro-markets.com/product/Coca-Cola-Bottle---950Ml/21450
21451,Sprite Lemon Flavoured Soft Drink -950Ml,22.75  LE,25.5 LE,10.8%,Sprite,Sprite,in stock,Sprite Lemon Flavoured Soft Drink -950Ml,,,,,,,,,,
21452,Fanta Orange Soft Drink Bottle -950Ml,22.75  LE,25.5 LE,10.8%,Fanta,Fanta,in stock,{&quot,,,&quot,:&quot,&quot,M002&quot,&quot,,https://metro-website-images.s3.eu-west-1.amazonaws.com/products/LD00323.jpg,https://www.metro-markets.com/product/Fanta-Orange-Soft-Drink-Bottle--950Ml/21452
21488,Coca Cola Zero Bottle - 950Ml,22.75  LE,25.5 LE,10.8%,Coca Cola,Coca Cola,in stock,{&quot,,,&quot,:&quot,&quot,M002&quot,&quot,,https://metro-website-images.s3.eu-west-1.amazonaws.com/products/LD00701.jpg,https://www.metro-markets.com/product/Coca-Cola-Zero-Bottle---950Ml/21488
21489,Coca Cola Zero Can - 320Ml,15.5  LE,16.99 LE,8.8%,Coca Cola,Coca Cola,in stock,Coca Cola Zero Can - 320Ml,,,,,,,,,,
21491,Sprite Zero Can 320Ml,15.5  LE,16.99 LE,8.8%,Sprite,Sprite,in stock,{&quot,,,&quot,:&quot,&quot,M048&quot,&quot,,https://metro-website-images.s3.eu-west-1.amazonaws.com/products/LD00799.jpg,https://www.metro-markets.com/product/Sprite-Zero-Can-320Ml/21491
21507,Schweppes Malt Pineapple Soda - 300Ml,15.75  LE,16.99 LE,7.3%,Schweppes,Schweppes,in stock,Schweppes Malt Pineapple Soda - 300Ml,,,,,,,,,,
21543,Schweppes Malt Peach Soda Can-300Ml,15.75  LE,16.99 LE,7.3%,Schweppes,Schweppes,in stock,Schweppes Malt Peach Soda Can-300Ml,,,,,,,,,,
21546,Schweppes Pomegranate Soda Can - 300Ml,15.75  LE,16.99 LE,7.3%,Schweppes,Schweppes,in stock,{&quot,,,&quot,:&quot,&quot,M002&quot,&quot,,https://metro-website-images.s3.eu-west-1.amazonaws.com/products/LD01457.jpg,https://www.metro-markets.com/product/Schweppes-Pomegranate-Soda-Can---300Ml/21546
21562,Schweppes Pomegranate Soda - 950 Ml,27.99  LE,29.99 LE,6.7%,Schweppes,Schweppes,in stock,Schweppes Pomegranate Soda - 950 Ml,,,,,,,,,,
21574,Schweppes Gold Malt Pineapple Soda 950Ml,27.99  LE,29.99 LE,6.7%,Schweppes,Schweppes,in stock,Schweppes Gold Malt Pineapple Soda 950Ml,,,,,,,,,,
21578,Schweppes Lemon Mint Soda - 950 Ml,27.99  LE,29.99 LE,6.7%,Schweppes,Schweppes,in stock,Schweppes Lemon Mint Soda - 950 Ml,,,,,,,,,,
21580,Schweppes Lemon Mint Soda Can - 300Ml,15.75  LE,16.99 LE,7.3%,Schweppes,Schweppes,in stock,Schweppes Lemon Mint Soda Can - 300Ml,,,,,,,,,,
21583,Schweppes Tangerine Soda - 950 Ml,27.99  LE,29.99 LE,6.7%,Schweppes,Schweppes,in stock,Schweppes Tangerine Soda - 950 Ml,,,,,,,,,,
21592,Coca Cola Bottle - 330Ml,18.45  LE,20.99 LE,12.1%,Coca Cola,Coca Cola,in stock,{&quot,,,&quot,:&quot,&quot,M003&quot,&quot,,https://metro-website-images.s3.eu-west-1.amazonaws.com/products/LD01774.jpg,https://www.metro-markets.com/product/Coca-Cola-Bottle---330Ml/21592
21593,Fanta Orange Bottle330Ml,18.45  LE,20.99 LE,12.1%,Fanta,Fanta,in stock,Fanta Orange Bottle330Ml,,,,,,,,,,
21594,Coca Cola Zero Bottle330Ml,18.45  LE,20.99 LE,12.1%,Coca Cola,Coca Cola,in stock,Coca Cola Zero Bottle330Ml,,,,,,,,,,
21595,Sprite Lemon Bottle330Ml,18.45  LE,20.99 LE,12.1%,Sprite,Sprite,in stock,{&quot,,,&quot,:&quot,&quot,M002&quot,&quot,,https://metro-website-images.s3.eu-west-1.amazonaws.com/products/LD01777.jpg,https://www.metro-markets.com/product/Sprite-Lemon-Bottle330Ml/21595
21630,Schweppes Malt Peach - 950 Ml,27.99  LE,29.99 LE,6.7%,Schweppes,Schweppes,in stock,Schweppes Malt Peach - 950 Ml,,,,,,,,,,
22080,Juhayna Classic Pineapple Juice-1L,34.99  LE,44.99 LE,22.2%,Juhayna,Juhayna,in stock,Juhayna Classic Pineapple Juice-1L,,,,,,,,,,
22081,Juhayna Classics Premium Apple Juice -1L,33.99  LE,42.5 LE,20%,Juhayna,Juhayna,in stock,Juhayna Classics Premium Apple Juice -1L,,,,,,,,,,
22082,Juhayna Classics Premium Cocktail -1L,33.99  LE,42.5 LE,20%,Juhayna,Juhayna,in stock,Juhayna Classics Premium Cocktail -1L,,,,,,,,,,
22083,Juhayna Classics Premium Mango Juice -1L,34.99  LE,44.5 LE,21.4%,Juhayna,Juhayna,in stock,Juhayna Classics Premium Mango Juice -1L,,,,,,,,,,
22084,Juhayna Classics Premium Orange Juice-1L,33.99  LE,42.5 LE,20%,Juhayna,Juhayna,in stock,Juhayna Classics Premium Orange Juice-1L,,,,,,,,,,
22085,Juhayna Classics Premium Guava Juice -1L,33.99  LE,42.5 LE,20%,Juhayna,Juhayna,in stock,Juhayna Classics Premium Guava Juice -1L,,,,,,,,,,
25804,جهينه حليب كامل الدسم 1 لتر,44.99 جنية,52.75جنية,14.7%,Juhayna,Juhayna,in stock,Juhayna Full Cream Milk - 1Kg,,,,,,,,,,
11760,كريستال منظف زجاج 700+غيار عرض خاص,66.95 جنية,79.95جنية,16.3%,Crystal,Crystal,in stock,Crystal Glass Cleaner Spray700+Refil S.O,,,,,,,,,,
20039,كامى صابون 165 جم4 قطعه,94.95 جنية,104.95جنية,9.5%,Camay,Camay,in stock,Camay Soap Bar - 165g*4Pc,,,,,,,,,,
20090,لوكس صابون165 جرام 4ق عرض خاص,99.95 جنية,114.95جنية,13%,Lux,Lux,in stock,Lux Soap Bar Creamy Perfection - 165*4Pc,,,,,,,,,,
43172,لايفبوي صابون75-جم3+1 هديه,54.95 جنية,62.95جنية,12.7%,LIFEBUOY,Lifebuoy,in stock,Lifebuoy Soap Bar 75g*4Pc,,,,,,,,,,
30097,فيري اقراص بلاتينيوم بلس غسالات اطباق لي,239.95 جنية,289.95جنية,17.2%,Fairy,FAIRY,in stock,Fairy Adw Plat-Plus Yellow - 20ct,,,,,,,,,,
4367,Trata Greek Smoked Tuna Veg Oil-160g,117  LE,,,Trata,Trata,in stock,"The Trata Smoked Tuna in Vegetable Oil is a perfect way to enhance the flavor, taste and nutritional value of your everyday meals. It is rich with Omega 3 fats that help in maintaining the health of your heart. Make a quick tuna salad, spread, wraps and more when you have it at your counter.",,,,,,,,,,
4368,Trata Smoked Tuna in Lemon Oregano-160g,117  LE,,,Trata,Trata,in stock,"Treat your seafood cravings with the Trata Tuna in Lemon &amp; Oregano. The tuna is smoked in a wood fire using natural wood of the beech tree. It is cooked on a low temperature to make sure there is a perfect balance of flavors. This way, it also retains the natural aroma. The addition of lemon and oregano enhances the taste and gives it a spicy and tangy twist.",,,,,,,,,,
23668,Trata Greek Mexicana Tuna Salad - 160g,98  LE,,,Trata,Trata,in stock,"The Trata Tuna in Mexicana Salad is sourced with care to ensure consistent quality and a rich taste. The exquisite quality yellowfin tuna has a light color and a firm texture. It does not crumble at every morsel. You can enjoy this delicious and light meal with tortilla wraps, lettuce wraps and with tortilla chips too.",,,,,,,,,,
23669,Trata Greek Tuna Salad with Corn - 160g,98  LE,,,Trata,Trata,in stock,"The Trata Tuna in Corn Salad is a perfect dish to relish on this spring season. It is full of protein, healthy fats, colorful flavors and a rich taste. The exquisite quality yellowfin tuna has a firm texture and does not crumble. It is a healthy alternative to chicken and other meats.",,,,,,,,,,
23671,Trata Tuna Salad Greek Smoked Quinoa160g,98  LE,,,Trata,Trata,in stock,"The Trata Smoked Tuna Salad in Quinoa is a healthy food choice that goes uncompromised on taste. The tuna is smoked in a wood fire using natural wood of the beech tree. It is cooked on a low temperature to make sure there is a perfect balance of flavors. This way, it also retains the natural aroma. It is mixed with quinoa and Vegetables, to make it a wholesome meal for all tuna lovers.",,,,,,,,,,
32797,Trata Greek Smoked Tuna With Beans-160g,98  LE,,,Trata,Trata,in stock,Trata Greek Smoked Tuna With Beans-160g,,,,,,,,,,
33662,St.Michel French Mini Cakes Chip-75g,89.99  LE,,,St.Michel,St.Michel,in stock,St.Michel French Mini Cakes Chip-75g,,,,,,,,,,
33663,St.Michel French Mini Sponge Cakes-175g,162.7  LE,,,St.Michel,St.Michel,in stock,St.Michel French Mini Sponge Cakes-175g,,,,,,,,,,
33664,St.Michel French Mini Cakes Chip-175g,165.99  LE,,,St.Michel,St.Michel,in stock,St.Michel French Mini Cakes Chip-175g,,,,,,,,,,
40871,Philadelphia Original Cheese-180g,251.99  LE,,,Philadelphia,Philadelphia,in stock,1,,,,,,,,,,
1635,Juhayna Whipping Cream - 0.5L,146.99  LE,,,Juhayna,Juhayna,in stock,"Add a finishing touch of flavor to every desert with the Juhayna Whipping Cream. It has an authentic taste to complement the flavors of various desserts like soufflés, cakes and fruits. The cream is great to use as a topping or as an ingredient. It is sure to offer you enhanced nutrition thanks to its rich and nourishing composition. ",,,,,,,,,,
1649,Juhayna Whipping Cream - 1L,269.99  LE,,,Juhayna,Juhayna,in stock,"Add a finishing touch of flavor to every desert with the Juhayna Whipping Cream. It has an authentic taste to complement the flavors of various desserts like soufflés, cakes and fruits. The cream is great to use as a topping or as an ingredient. It is sure to offer you enhanced nutrition thanks to its rich and nourishing composition. ",,,,,,,,,,
1668,Labanita Skimmed Milk - 850Ml,54.99  LE,,,Labanita,Labanita,in stock,"Seize the day on a healthy note with the Labanita Skimmed Milk. It contains a host of healthy nutrients that help in strengthening your muscles and bones. Made with a low fat content, it is ideal for those pursuing portion-control and weight-loss diets. It is suitable for preparing low-fat yoghurts.",,,,,,,,,,
1721,Bekhero Full Cream Milk - 500Ml,25.99  LE,,,Bekhairo,Bekhairo,in stock,"Enjoy the thick and creamy texture of the Bekhero Full Cream Milk. An excellent source of calcium and protein, it helps in strengthening your bones and muscles. Its thick texture helps to prepare thick, creamy and delicious curds. The full-cream milk makes for an excellent addition to balanced and healthy diets.",,,,,,,,,,
1792,Juhayna Cooking Cream - 1L,269.99  LE,,,Juhayna,Juhayna,in stock,Add a velvety texture and finish to every gravy or sauce with the Juhayna Cooking Cream. It features a thick texture that helps add volume and body to various foods and desserts. The cream&#039,,,https://www.metro-markets.com/product/Juhayna-Cooking-Cream---1L/1792,,,,,,,
1793,Juhayna Cooking Cream - 500Ml,146.99  LE,,,Juhayna,Juhayna,in stock,Add a velvety texture and finish to every gravy or sauce with the Juhayna Cooking Cream. It features a thick texture that helps add volume and body to various foods and desserts. The cream&#039,,,https://www.metro-markets.com/product/Juhayna-Cooking-Cream---500Ml/1793,,,,,,,
1794,Juhayna Cooking Cream - 200Ml,64.99  LE,,,Juhayna,Juhayna,in stock,Add a velvety texture and finish to every gravy or sauce with the Juhayna Cooking Cream. It features a thick texture that helps add volume and body to various foods and desserts. The cream&#039,,,https://www.metro-markets.com/product/Juhayna-Cooking-Cream---200Ml/1794,,,,,,,
1795,Bekhero Full Cream Milk - 1L,41.5  LE,,,Bekhairo,Bekhairo,in stock,"Enjoy the thick and creamy texture of the Bekhero Full Cream Milk. An excellent source of calcium and protein, it helps in strengthening your bones and muscles. Its thick texture helps to prepare thick, creamy and delicious curds. The full-cream milk makes for an excellent addition to balanced and healthy diets.",,,,,,,,,,
1935,Juhayna Whipping Cream - 200Ml,64.99  LE,,,Juhayna,Juhayna,in stock,"Garnish your confectionaries by topping it with the Juhayna Whipping Cream in different patterns. Its thick, creamy texture adds a luxurious tone to the freshly baked products. The cream is enriched in all the major energy components, including proteins, carbohydrates and fats for keeping the body healthy. Additionally, it contains some of the essential vitamins and calcium that serve as nutritional supplements.",,,,,,,,,,
1936,Labanita Milk Full Cream - 850Ml,54.99  LE,,,Labanita,Labanita,in stock,"Satisfy your sudden hunger pangs with the Labanita Full Cream Milk. The milk is ideal for making a variety of dishes and you can also consume it directly. It is a rich source of calcium, vitamins D, A, B1, phosphorous and riboflavin that balances our nutrition quotient. With the airtight and handy design, the milk is easy and convenient to carry.",,,,,,,,,,
2051,Almarai Whipping Cream -1L,280.99  LE,,,Almarai,Almarai,in stock,"Add richness to a wide variety of cuisines with the Almarai Whipping Cream. You can use it for baked goods like cakes, pastries and pies. This whipping cream can also be used to enhance the flavor of the soup or make homemade butter. It&#039;s versatile for mixing with chocolate and many other ingredients like coffee, sauce and frostings.",,,,,,,,,,
2052,Almarai Cooking Cream - 1L,280.99  LE,,,Almarai,Almarai,in stock,"Provide a creamy touch to your favorite delicacy with the Almarai Cooking Cream. It can be used to give consistency to the gravies and curries. You can use this cooking cream for preparing a variety of dishes like soups, casseroles and sauces. This cooking cream is a rich source of vitamin D3 that helps in having healthy bones.",,,,,,,,,,
22896,Rich Bake Bread Crumbs - 400 g,23.99  LE,,,Rich bake,Rich bake,in stock,"The Rich Bake Bread Crumbs holds all your stuff together to help you get that perfect crunchy snack. These breadcrumbs can be used for stuffing the poultry, thickening the sews, topping the casseroles and much more. The Rich Bake breadcrumbs help you get that perfect crunchiness in your fried and baked foods.",,,,,,,,,,
22897,El Nile Baladi Bread - 300g,19.99  LE,,,Wadi El Nile,Wadi El Nile,in stock,"The Wadi El Nile Baladi Bread is a healthy ideal addition to your breakfast. It has a well-balanced sweet and salty taste that is perfect for making delicious sandwiches, toasts, grilled cheese and more. Along with its taste, this Wadi El Nile is also a rich source of high fiber, vitamin, and minerals that is essential for a healthy lifestyle.",,,,,,,,,,
22906,Rich Bake Milk Toast - 500g,55.99  LE,,,Rich bake,Rich bake,in stock,The Rich Bake Milk Toast has a delectable flavor that takes your breakfast to another level. This toast can be served toppings and spreads of different flavors. The distinctive taste of this Rich Bake milk toast is sure to suit people with different palates. It is also a good source of calcium and minerals that are essential to maintain a healthy lifestyle.,,,,,,,,,,
22907,Rich Bake Whole Wheat Toast - 500g,55.99  LE,,,Rich bake,Rich bake,in stock,"Make your morning more wholesome by adding the Rich Bake Whole Wheat Toast to your breakfast. It is an excellent source of iron, thiamine, niacin, calcium and vitamin B6, which are essential for maintaining a healthy lifestyle. This Rich Bake toast has a distinctive taste that elevates the overall flavor of the spread it is served with.",,,,,,,,,,
22908,Rich Bake Plain Toast - 500g,55.99  LE,,,Rich bake,Rich bake,in stock,The Rich Bake Plain Toast has a well-balanced taste and is the perfect base for various kinds of spreads and toppings. This toast has multiple proteins and minerals essential for your body. The scrumptious taste of this Rich Bake plain toast elevates the overall flavor of the spread or topping.,,,,,,,,,,
22909,Rich Bake Petit Pan 6Pc,28.99  LE,,,Rich bake,Rich bake,in stock,The Rich Bake Petite Pain is perfect for making finger foods. It has a mild flavor that elevates the overall taste of your snack. The small size of these petite pain allows you to make more quantity and create a beautiful platter while serving. It is a rich source of vitamins and proteins that keep you full for a longer period.,,,,,,,,,,
22910,Rich Bake Sesame Hamburger Bun - 60g,24.99  LE,,,Rich bake,Rich bake,in stock,"The Rich Bake Sesame Hamburger Bun is made using the best quality ingredients to deliver you with a dash of deliciousness and freshness. It is an excellent source of various proteins and minerals, making it an ideal addition to your breakfast. The mild flavor of this Rich Bake bun elevates the overall taste of your sandwich or toast.",,,,,,,,,,
22911,Rich Bake Breadcrumbs - 200 g,12.99  LE,,,Rich bake,Rich bake,in stock,Rich Bake Breadcrumbs - 200 g,,,,,,,,,,
22918,Rich Bake Black Seeds Toast - 170g,50  LE,,,Rich bake,Rich bake,in stock,"Make your breakfast more delightful and healthy by adding the Rich Bake Black Seeds Toast. The black seeds have a variety of health benefits like treating digestive conditions, congestion, allergies, cough and more. This Rich Bake toast tastes better with various spreads and toppings. Its distinctive taste encourages you to lead a healthy life without compromising the taste.",,,,,,,,,,
22919,Rich Bake Plain Crunchy Toast - 170g,50  LE,,,Rich bake,Rich bake,in stock,"Start your mornings with a dash of crunchiness with the Rich Bake Plain Toast. The well-balanced taste of this toast goes well with most spreads and toppings, making it an ideal addition to your breakfast table. This Rich Bake toast provides you with the perfect crunch to give a fulfilled experience. It has the goodness of various vitamins and proteins to promote a healthy lifestyle.",,,,,,,,,,
22920,Rich Bake Cumin Crunchy Toast - 170g,50  LE,,,Rich bake,Rich bake,in stock,The Rich Bake Cumin Crunchy Toast gives a piquant twist to your regular breakfast. The cumin seeds are a rich source of iron and various plant-based compounds that promote healthy digestion and help with various other ailments. This Rich Bake toast can be served with multiple savory spreads and toppings.,,,,,,,,,,
22921,Rich Bake Baladi Bread - 5Pc,15.99  LE,,,Rich bake,Rich bake,in stock,"Make your breakfast even more delectable and healthy with the Rich Bake Baladi Bread. The main ingredient of Baladi bread wheat that is an excellent source of high fiber, vitamins and minerals that has various health benefits. This Rich Bake bread has a perfect balance of sweet and salty flavor that elevates the overall taste of your food.",,,,,,,,,,
8270,Loacker Vanilla Wafer - 45g,57.5  LE,,,Loacker,Loacker,in stock,"Get the best of taste and flavor with the Loacker Vanilla Wafers. They have a delicious taste and is sure to please your palate. Featuring various vitamins, they keep you well-nourished. You can consume these snacks with tea or coffee.",,,,,,,,,,
8271,McVities Digestive Light Biscuit - 250g,46.99  LE,,,Mcvities,Mcvities,in stock,The McVitie&#039,,,https://metro-website-images.s3.eu-west-1.amazonaws.com/products/BV00089.jpg,https://www.metro-markets.com/product/McVities-Digestive-Light-Biscuit---250g/8271,,,,,,
8272,Loacker Quadratini Choc Wafer Cok - 125g,190.5  LE,,,Loacker,Loacker,in stock,Enhance your snacking experience with the Loacker Quadratini Chocolate Wafer Chocolate. This snack is rich in nutrients and vitamins to keep you fit and healthy. It has a classic taste to please your taste buds.,,,,,,,,,,
8273,Loacker QuadartiniHazelnuts Wafers125g,190.5  LE,,,Loacker,Loacker,in stock,Enjoy a sweet treat with the Loacker Quadratini Napolitaner Hazelnut Wafer Cookies. They have a sweet and delicious taste to satisfy your belly. They are rich in vitamins and nutrients to keep you healthy. You can consume them with hot chocolate or daily coffee.,,,,,,,,,,
8289,Loacker Milk Bite Size Wafers - 45g,57.5  LE,,,Loacker,Loacker,in stock,Snacking is a pleasurable experience with the Loacker Milk Bite Size Wafers. They have a sweet and delicious taste to satisfy your belly. They are rich in vitamins and nutrients to keep you healthy. You can consume them with hot chocolate or daily coffee.,,,,,,,,,,
8290,Loacker Napolitaner Crispy Wafer - 45g,57.5  LE,,,Loacker,Loacker,in stock,"Treat yourself to a delicious snacking experience with the Loacker Napolitaner Crispy Wafer. They have a delicious taste and is sure to please your palate. Featuring various vitamins, they keep you well-nourished. You can consume these snacks with your daily tea or coffee.",,,,,,,,,,
8291,McVities Digestive Wheat Biscuits - 400g,69.99  LE,,,Mcvities,Mcvities,in stock,"Bring a big smile to your loved one&#039;s face with the McVitie Digestive Wheat Biscuits. Both nutritious and tasty, it is sure to delight you with an abundance of flavor. Whether you&#039;re at the office, home, or out shopping, these biscuits are an ideal companion. These biscuits also complement tea, sandwiches, and salads.",,,,,,,,,,
8292,McVities Digestive Wheat Biscuits - 250g,46.99  LE,,,Mcvities,Mcvities,in stock,"Bring a big smile to your loved one&#039;s face with the McVitie Digestive Wheat Biscuits. Both nutritious and tasty, it is sure to delight you with an abundance of flavor. Whether you&#039;re at the office, home, or out shopping, these biscuits are an ideal companion. These biscuits also complement tea, sandwiches, and salads.",,,,,,,,,,
8298,Bahlsen Hit Cocoa Creme Biscuits - 220g,216.5  LE,,,Bahlsen,Bahlsen,in stock,"Bring a big smile to your loved one&#039;s face with the Bahlsen Hit Cocoa Creme Biscuits. Both nutritious and tasty, it is sure to delight you with an abundance of flavor. Whether you&#039;re at the office, home, or out shopping, these biscuits are an ideal companion.",,,,,,,,,,
8301,Loacker Gardena Chocolate Hazelnuts -38g,66.5  LE,,,Loacker,Loacker,in stock,The Loacker Gardena Chocolate and Hazelnut Wafers are a great addition to your daily diet. They feature a classic taste to satisfy your palate. You can consume this snack with any beverage like tea or coffee to enjoy the best food experience.,,,,,,,,,,
8303,Loacker Tortina Cookies - 21g,59.5  LE,,,Loacker,Loacker,in stock,The Loacker Tortina Cookies are the perfect addition to your tea snacks. They have a delicious taste to satisfy your palate. The cookies are rich in nutrients to keep you healthy. You can consume these cookies with your daily tea.,,,,,,,,,,
8310,Loacker Cocoa Cookies - 45g,57.5  LE,,,Loacker,Loacker,in stock,The Loacker Cocoa Cookies are a delicious treat for you. They have a delicious taste to satisfy your palate. The cookies are rich in nutrients to keep you healthy. You can consume these cookies with your daily tea.,,,,,,,,,,
10983,Dettol Original Anti-Bacterial Wipes10Pc,112.95  LE,,,Dettol,Dettol,in stock,The Dettol Original Anti-bacterial Wipes offer germ-free protection for following a clean and hygienic lifestyle. Its anti-bacterial quality helps eradicate infectious germs in a single swipe. The formula has zero alcohol so that the skin’s moisture is retained after being wiped.,,,,,,,,,,
11004,Dettol Fresh Skin Wipe -10Pc,112.95  LE,,,Dettol,Dettol,in stock,The Dettol Fresh Skin Wipes offer germ-free protection for your skin. Its anti-bacterial quality helps eradicate infectious germs in a single swipe. The formula has zero alcohol so that the skin’s moisture is retained after being wiped.,,,,,,,,,,
17074,Pampers Baby Wipes 64Wipes,104.95  LE,,,Pampers,Pampers,in stock,Pampers Baby Wipes 64Wipes,,,,,,,,,,
17088,Pampers Baby Wipes Sensitive 56Wipes,104.95  LE,,,Pampers,Pampers,in stock,Pampers Baby Wipes Sensitive 56Wipes,,,,,,,,,,
17106,Pampers Baby Wipes64P 3+1 Free,334.95  LE,,,Pampers,Pampers,in stock,Pampers Baby Wipes64P 3+1 Free,,,,,,,,,,
36841,White Baby Wipes -72 Tissues* 2Pc,123.95  LE,,,WHITE,WHITE,in stock,White Baby Wipes -72 Tissues* 2Pc,,,,,,,,,,
37817,White Baby Wipes - 20 Tissues,26.45  LE,,,WHITE,WHITE,in stock,White Baby Wipes - 20 Tissues,,,,,,,,,,
40751,Whitte Water Wipes- 50 Tissues,53.95  LE,,,WHITE,WHITE,in stock,Whitte Water Wipes- 50 Tissues,,,,,,,,,,
40752,White Wipes Wood & Laminate - 48Tissues,81.95  LE,,,WHITE,WHITE,in stock,White Wipes Wood &amp,,,https://www.metro-markets.com/product/White-Wipes-Wood-&-Laminate---48Tissues/40752,,,,,,,
42333,Dettol Wipes Original-10Pc 2+1 Free,209.95  LE,,,Dettol,Dettol,in stock,Dettol Wipes Original-10Pc 2+1 Free,,,,,,,,,,
43791,White Pocket with Fresh -10Pc,7.95  LE,,,WHITE,WHITE,in stock,White Pocket with Fresh -10Pc,,,,,,,,,,
10933,Zeina Classic Soft - 100 Tissues,14.95  LE,,,Zeina,Zeina,in stock,Improve your personal hygiene with the Zeina Classic Soft Tissue. The highly absorbent tissues clean wet skin without any hassle. It is composed of allergen-free materials and prevents rashes and itchy skin.,,,,,,,,,,
44098,Bader El-Din Kamar El-Din - 400g,66.99  LE,82.99 LE,19.3%,Pre pack,Pre pack,in stock,Bader El-Din Kamar El-Din - 400g,,,,,,,,,,
44100,Badr Elden Mango Kamar El Din- 400g,63.99  LE,79.99 LE,20%,Pre pack,Pre pack,in stock,Badr Elden Mango Kamar El Din- 400g,,,,,,,,,,
44187,Wafeer Kamar Al Din Extra-400g,72.99  LE,92.99 LE,21.5%,Pre pack,Pre pack,in stock,Wafeer Kamar Al Din Extra-400g,,,,,,,,,,
44102,Tamarind -300g,48.99  LE,61.99 LE,21%,Pre pack / Weight,Pre pack / Weight,in stock,Tamarind -300g,,,,,,,,,,
44101,Dried Figs -1Pc,129.99  LE,166.99 LE,22.2%,Pre pack / Weight,Pre pack / Weight,in stock,Dried Figs -1Pc,,,,,,,,,,
44105,Dry Turkish Fig -1Kg,500  LE,719.99 LE,30.6%,Pre pack / Weight,Pre pack / Weight,in stock,Dry Turkish Fig -1Kg,,,,,,,,,,
44103,Hazelnut Peeled -1Kg,1059.99  LE,,,Weight,Weight,in stock,Hazelnut Peeled -1Kg,,,,,,,,,,
44104,Hazelnut Roasted Turkish -1Kg,1229.99  LE,,,Weight,Weight,in stock,Hazelnut Roasted Turkish -1Kg,,,,,,,,,,
44106,Raisien Golden Irany -1Kg,234.99  LE,297.99 LE,21.1%,Weight,Weight,in stock,Raisien Golden Irany -1Kg,,,,,,,,,,
44190,Raisin Golden Extra -1Kg,180.99  LE,229.99 LE,21.3%,Weight,Weight,in stock,Raisin Golden Extra -1Kg,,,,,,,,,,
44107,Walnut Peeled (Ain Camel) -1Kg,739.99  LE,,,Weight,Weight,in stock,Walnut Peeled (Ain Camel) -1Kg,,,,,,,,,,
44108,Pistachio Non-Peeled Salted -1Kg,924.99  LE,,,Weight,Weight,in stock,Pistachio Non-Peeled Salted -1Kg,,,,,,,,,,
3722,Metro Plain Fava Beans 400g,21.75  LE,,,Metro Private,Metro Private,in stock,Metro Plain Fava Beans 400g,,,,,,,,,,
689,Parsley - 100g,9.99  LE,,,Prepacked,Prepacked,in stock,"The Prepacked Parsley makes for an ideal addition to your nutritious diet. It contains antioxidants that reduce the risk of developing chronic diseases like cancer. Its vitamin K content ensures optimal bone health while lutein and zeaxanthin reduce the risk of age-related macular degeneration. With its low-calorie and nutrient-dense content, this vegetable allows you to maintain a healthy weight.",,,,,,,,,,
691,Fresh Coriander - 100g,9.99  LE,,,Prepacked,Prepacked,in stock,"The Prepacked Fresh Coriander not only enhances the spice quotient of your food but also provides many health benefits. It has vitamin A that protects against lung and cavity cancers while antioxidants prevent eye diseases. With the help of vitamin K and iron, it effectively treats Alzheimer&#039;s disease and prevents anemia. The Prepacked Fresh Coriander not only enhances the spice quotient of your food but also provides many health benefits. It has vitamin A that protects against lung and cavity cancers while antioxidants prevent eye diseases. With the help of vitamin K and iron, it effectively treats Alzheimer&#039;s disease and prevents anemia.",,,,,,,,,,
7818,Metro Cumin Shaker - 75g,86.99  LE,,,Metro Private,Metro Private,in stock,Enhance the taste of your daily food with the Metro Cumin Shaker. It has a rich taste to make food more flavorsome. This powder is rich in anti-oxidants and minerals to enhance your nourishment.,,,,,,,,,,
26639,Metro Garlic Paste 200g,43.99  LE,,,Metro Private,Metro Private,in stock,Metro Garlic Paste 200g,,,,,,,,,,
24631,Givrex Frozen Chopped Spinach - 400g,24.99  LE,,,Givrex,Givrex,in stock,The Givrex Frozen Chopped Spinach makes cooking more convenient and easy. All the inner contents are clean and hygienic to ensure the maximum safety of the consumer. It is a perfect pick for those who live a busy life and do not have time for more elaborate cooking.,,,,,,,,,,
2,خوخ مستورد 1ك,409.99 جنية,,,weighted /Pcs.,weighted /Pcs.,in stock,Imported Peaches-1Kg,,,,,,,,,,
8,فراولة 1 ك,127.99 جنية,,,weighted /Pcs.,weighted /Pcs.,in stock,"Fresh Strawberry Pack contains bright red, juicy and sweet strawberries. They are an excellent source of vitamin C and manganese, as well as a good source of vitamin B9 and potassium. Strawberries are also a rich source of antioxidants. Usually consumed raw and fresh, these strawberries can also be used in a variety of jams, jellies and desserts.",,,,,,,,,,
